{"bells5": [4.311618050262013, 44.0, 17.0], "clock1": [10.515130749320052, 47.0, 13.0], "coffmill": [7.824446105415616, 94.0, 6.0], "cup1": [4.346043868224253, 72.0, 12.0], "drum": [2.4594430637809377, 70.0, 8.0], "maracas": [6.055032322918762, 57.0, 10.0], "shaver": [4.572413841314927, 55.0, 4.0], "tear": [3.702186112360884, 102.0, 11.0], "trashbox": [3.0339395293326854, 47.0, 9.0], "whistle3": [4.112539821674677, 73.0, 9.0]}