{"bells5": [4.311618050262013, 44.0, 17.0], "clock1": [10.515130749320052, 47.0, 13.0], "coffmill": [7.824446105415616, 94.0, 6.0], "cup1": [4.346046318262057, 72.0, 12.0], "drum": [2.4594430186978857, 70.0, 8.0], "maracas": [6.055034099486346, 57.0, 10.0], "shaver": [4.572413841314927, 55.0, 4.0], "tear": [3.702186112360884, 102.0, 11.0], "trashbox": [3.033941274076464, 47.0, 9.0], "whistle3": [4.112541537407904, 73.0, 9.0]}