{"energy": [-1.0679757595062256, 5.108880043029785, 18.359987769778986, 17.15480716578893], "kurtosis": [-1.7675916384638624, 2.8562405926960603, 39.110337549802516, 17.258399924964497]}